,noof_clusters,train accuracy,test accuracy,train ARI,test ARI,train NMI,test NMI
0,10,0.27322,0.2754,0.07672602656125445,0.0764564512895275,0.13224799514387886,0.13481225958885412
