,noof_clusters,train accuracy,test accuracy,train ARI,test ARI,train NMI,test NMI
0,10,0.2187,0.2277,0.04991083944468239,0.054751556111347494,0.0837919295246682,0.0884235491095153
