,noof_clusters,train accuracy,test accuracy,train ARI,test ARI,train NMI,test NMI
0,10,0.5810333333333333,0.5795,0.4178099355541855,0.42710076855023454,0.6092020360107742,0.5776135546208342
