,noof_clusters,train accuracy,test accuracy,train ARI,test ARI,train NMI,test NMI
0,10,0.55965,0.5534,0.37550940802768634,0.3711287973030956,0.5607222142266676,0.5565393100778745
