,noof_clusters,train accuracy,test accuracy,train ARI,test ARI,train NMI,test NMI
0,10,0.5014333333333333,0.5038,0.30962631022413495,0.31136871519745224,0.45472539901821535,0.46103583121594743
