,noof_clusters,train accuracy,test accuracy,train ARI,test ARI,train NMI,test NMI
0,10,0.6268333333333334,0.6267,0.4669515797492118,0.44509305657082376,0.6364468000316464,0.64108888099062
