,noof_clusters,train accuracy,test accuracy,train ARI,test ARI,train NMI,test NMI
0,10,0.52725,0.5207,0.4083913630803606,0.3967598024377413,0.564115806987456,0.5581282999352974
