,noof_clusters,train accuracy,test accuracy,train ARI,test ARI,train NMI,test NMI
0,10,0.5831333333333333,0.5935,0.3915257507412873,0.40811698001232555,0.5074035104853618,0.5199321430759865
