,noof_clusters,train accuracy,test accuracy,train ARI,test ARI,train NMI,test NMI
0,10,0.4476,0.4462,0.24296100977258306,0.2111563883533653,0.3603183411022138,0.36246218871979763
