,noof_clusters,train accuracy,test accuracy,train ARI,test ARI,train NMI,test NMI
0,10,0.8520833333333333,0.8624,0.7166068693369143,0.734307442728319,0.7694221526189262,0.7828233927800844
