,noof_clusters,train accuracy,test accuracy,train ARI,test ARI,train NMI,test NMI
0,10,0.5907166666666667,0.5945,0.4046847104056387,0.4129513685750052,0.509504479067153,0.5165138368227412
