,noof_clusters,train accuracy,test accuracy,train ARI,test ARI,train NMI,test NMI
0,10,0.22044,0.232,0.049965476876064015,0.05400863029219431,0.08402046639942563,0.08732322441618706
