,noof_clusters,train accuracy,test accuracy,train ARI,test ARI,train NMI,test NMI
0,10,0.27534,0.2753,0.08259221653501236,0.08690303005499551,0.13661469333259343,0.13945579432734317
