,noof_clusters,train accuracy,test accuracy,train ARI,test ARI,train NMI,test NMI
0,10,0.5907166666666667,0.5853,0.3852124007639818,0.3793713063675622,0.5345432361375073,0.5288489872415192
