,noof_clusters,train accuracy,test accuracy,train ARI,test ARI,train NMI,test NMI
0,10,0.5303666666666667,0.5269,0.3633673560252176,0.35571331890240077,0.5303532273389459,0.5249705523691135
