,noof_clusters,train accuracy,test accuracy,train ARI,test ARI,train NMI,test NMI
0,10,0.6660333333333334,0.6773,0.4789811030686003,0.5030806187862138,0.6360170589761698,0.6570927634707086
