,noof_clusters,train accuracy,test accuracy,train ARI,test ARI,train NMI,test NMI
0,10,0.23452,0.2123,0.07018131425066743,0.058170495927685285,0.10686446429793905,0.10750251272166994
