,noof_clusters,train accuracy,test accuracy,train ARI,test ARI,train NMI,test NMI
0,10,0.21184,0.2125,0.035847749373872126,0.034787633097366204,0.06330315851257841,0.06417828745352569
