,noof_clusters,train accuracy,test accuracy,train ARI,test ARI,train NMI,test NMI
0,10,0.5528666666666666,0.5592,0.3962153682227547,0.39637114500804455,0.5243024525179992,0.5242613622391353
