,noof_clusters,train accuracy,test accuracy,train ARI,test ARI,train NMI,test NMI
0,10,0.5005333333333334,0.5022,0.3086003884430176,0.309531287386231,0.45334232336004243,0.4588112231462645
